L_tube,D_int,D_ext,N_p,DP_t,DP_t_kPa,D_s,D_s_mm,N_tt,U_o_calc,valid
1,0.008,0.012,2,403.544028477922,0.403544028477922,0.316867541420894,316.867541420894,52.4539170369108,6.58168533782335,1
1,0.008,0.012,4,2787.07735904135,2.78707735904135,0.316867541420894,316.867541420894,52.4539170369108,7.56810117294834,1
1,0.008,0.012,6,8716.29306779891,8.71629306779891,0.316867541420894,316.867541420894,52.4539170369108,8.01723890937509,0
1,0.008,0.012,8,19658.0612481696,19.6580612481696,0.316867541420894,316.867541420894,52.4539170369108,8.28091703814436,0
1,0.008,0.014,2,481.290351789604,0.481290351789604,0.324579009615628,324.579009615628,47.4971278609018,6.37645559900521,1
1,0.008,0.014,4,3334.11579587839,3.33411579587839,0.324579009615628,324.579009615628,47.4971278609018,7.31921768826075,1
1,0.008,0.014,6,10445.364247281,10.445364247281,0.324579009615628,324.579009615628,47.4971278609018,7.74738103526537,0
1,0.008,0.014,8,23586.3196724159,23.5863196724159,0.324579009615628,324.579009615628,47.4971278609018,7.99842653487347,0
1,0.008,0.016,2,565.16127568183,0.56516127568183,0.332411434273775,332.411434273775,43.3962681989552,6.19801665556004,1
1,0.008,0.016,4,3925.92486494666,3.92592486494666,0.332411434273775,332.411434273775,43.3962681989552,7.10360934464653,1
1,0.008,0.016,6,12318.9271599084,12.3189271599084,0.332411434273775,332.411434273775,43.3962681989552,7.51398570322031,0
1,0.008,0.016,8,27847.4731918867,27.8474731918867,0.332411434273775,332.411434273775,43.3962681989552,7.75433958319981,0
1,0.008,0.018,2,655.078817071569,0.655078817071569,0.340304578333085,340.304578333085,39.9472576022278,6.03957818261124,1
1,0.008,0.018,4,4562.03827443385,4.56203827443385,0.340304578333085,340.304578333085,39.9472576022278,6.91263938876328,1
1,0.008,0.018,6,14335.6544930172,14.3356544930172,0.340304578333085,340.304578333085,39.9472576022278,7.30749509279836,0
1,0.008,0.018,8,32438.7336627207,32.4387336627207,0.340304578333085,340.304578333085,39.9472576022278,7.53853364234913,0
1,0.008,0.02,2,750.97403475212,0.75097403475212,0.34821806969138,348.21806969138,37.0061177836089,5.896677382473,1
1,0.008,0.02,4,5242.04379749582,5.24204379749582,0.34821806969138,348.21806969138,37.0061177836089,6.74068923012092,1
1,0.008,0.02,6,16494.372831385,16.494372831385,0.34821806969138,348.21806969138,37.0061177836089,7.1217179814931,0
1,0.008,0.02,8,37357.6362169651,37.3576362169651,0.34821806969138,348.21806969138,37.0061177836089,7.34446752091514,0
1,0.01,0.014,2,175.314038230518,0.175314038230518,0.324579009615628,324.579009615628,47.4971278609018,6.0582010312207,1
1,0.01,0.014,4,1216.74210723275,1.21674210723275,0.324579009615628,324.579009615628,47.4971278609018,7.09636441320061,1
1,0.01,0.014,6,3815.98564909846,3.81598564909846,0.324579009615628,324.579009615628,47.4971278609018,7.58203238151983,1
1,0.01,0.014,8,8623.14309060994,8.62314309060994,0.324579009615628,324.579009615628,47.4971278609018,7.87106033705174,0
1,0.01,0.016,2,205.914641350849,0.205914641350849,0.332411434273775,332.411434273775,43.3962681989552,5.89448655065018,1
1,0.01,0.016,4,1433.05980070096,1.43305980070096,0.332411434273775,332.411434273775,43.3962681989552,6.89361712571412,1
1,0.01,0.016,6,4501.50792082151,4.50150792082151,0.332411434273775,332.411434273775,43.3962681989552,7.35993498250781,1
1,0.01,0.016,8,10183.3487699148,10.1833487699148,0.332411434273775,332.411434273775,43.3962681989552,7.63711854811196,0
1,0.01,0.018,2,238.728948167303,0.238728948167303,0.340304578333085,340.304578333085,39.9472576022278,5.74908037166959,1
1,0.01,0.018,4,1665.62293491168,1.66562293491168,0.340304578333085,340.304578333085,39.9472576022278,6.71402794127239,1
1,0.01,0.018,6,5239.56876571719,5.23956876571719,0.340304578333085,340.304578333085,39.9472576022278,7.16345550495716,1
1,0.01,0.018,8,11864.7630088912,11.8647630088912,0.340304578333085,340.304578333085,39.9472576022278,7.4303176663776,0
1,0.01,0.02,2,273.732148436696,0.273732148436696,0.34821806969138,348.21806969138,37.0061177836089,5.61791614589797,1
1,0.01,0.02,4,1914.28315957138,1.91428315957138,0.34821806969138,348.21806969138,37.0061177836089,6.5523215346653,1
1,0.01,0.02,6,6029.74590053259,6.02974590053259,0.34821806969138,348.21806969138,37.0061177836089,6.98669540458421,1
1,0.01,0.02,8,13666.4987622399,13.6664987622399,0.34821806969138,348.21806969138,37.0061177836089,7.24437035027544,0
1,0.012,0.016,2,90.6594261548141,0.0906594261548141,0.332411434273775,332.411434273775,43.3962681989552,5.61928858678002,1
1,0.012,0.016,4,632.317663813242,0.632317663813242,0.332411434273775,332.411434273775,43.3962681989552,6.68856033340258,1
1,0.012,0.016,6,1988.6990254545,1.9886990254545,0.332411434273775,332.411434273775,43.3962681989552,7.20073155980432,1
1,0.012,0.016,8,4502.71004689088,4.50271004689088,0.332411434273775,332.411434273775,43.3962681989552,7.50925075654719,1
1,0.012,0.018,2,105.134249364123,0.105134249364123,0.340304578333085,340.304578333085,39.9472576022278,5.48444708298202,1
1,0.012,0.018,4,735.121561239862,0.735121561239862,0.340304578333085,340.304578333085,39.9472576022278,6.51851399509943,1
1,0.012,0.018,6,2315.34027952411,2.31534027952411,0.340304578333085,340.304578333085,39.9472576022278,7.01275191982849,1
1,0.012,0.018,8,5247.44082644965,5.24744082644965,0.340304578333085,340.304578333085,39.9472576022278,7.31013476066969,1
1,0.012,0.02,2,120.578444744707,0.120578444744707,0.34821806969138,348.21806969138,37.0061177836089,5.36279191584576,1
1,0.012,0.02,4,845.066932793721,0.845066932793721,0.34821806969138,348.21806969138,37.0061177836089,6.36538718011015,1
1,0.012,0.02,6,2665.12457433665,2.66512457433665,0.34821806969138,348.21806969138,37.0061177836089,6.84363540600427,1
1,0.012,0.02,8,6045.63501957926,6.04563501957926,0.34821806969138,348.21806969138,37.0061177836089,7.13110259677498,1
1,0.015,0.018,2,38.7579151276905,0.0387579151276905,0.340304578333085,340.304578333085,39.9472576022278,5.13405855888092,1
1,0.015,0.018,4,271.933648344158,0.271933648344158,0.340304578333085,340.304578333085,39.9472576022278,6.24219534730783,1
1,0.015,0.018,6,858.146515250224,0.858146515250224,0.340304578333085,340.304578333085,39.9472576022278,6.79001154347109,1
1,0.015,0.018,8,1947.47673654344,1.94747673654344,0.340304578333085,340.304578333085,39.9472576022278,7.12553107634829,1
1,0.015,0.02,2,44.468394109116,0.044468394109116,0.34821806969138,348.21806969138,37.0061177836089,5.02384243394953,1
1,0.015,0.02,4,312.720227067085,0.312720227067085,0.34821806969138,348.21806969138,37.0061177836089,6.09978300392586,1
1,0.015,0.02,6,988.142590144775,0.988142590144775,0.34821806969138,348.21806969138,37.0061177836089,6.6305894818608,1
1,0.015,0.02,8,2244.48674568893,2.24448674568893,0.34821806969138,348.21806969138,37.0061177836089,6.95533482178383,1
1,0.018,0.02,2,19.7785136340782,0.0197785136340782,0.34821806969138,348.21806969138,37.0061177836089,4.73050600634333,1
1,0.018,0.02,4,139.560434956104,0.139560434956104,0.34821806969138,348.21806969138,37.0061177836089,5.85583437738571,1
1,0.018,0.02,6,441.822800946379,0.441822800946379,0.34821806969138,348.21806969138,37.0061177836089,6.42736056393652,1
1,0.018,0.02,8,1004.86204514145,1.00486204514145,0.34821806969138,348.21806969138,37.0061177836089,6.78253564779747,1
1.5,0.008,0.012,2,1140.93195291749,1.14093195291749,0.26325379862822,263.25379862822,34.9692780246072,6.4691041151108,1
1.5,0.008,0.012,4,7871.35438767461,7.87135438767461,0.26325379862822,263.25379862822,34.9692780246072,7.12943605195134,0
1.5,0.008,0.012,6,24601.4520105127,24.6014520105127,0.26325379862822,263.25379862822,34.9692780246072,7.41224945568834,0
1.5,0.008,0.012,8,55460.107148022,55.460107148022,0.26325379862822,263.25379862822,34.9692780246072,7.57344056718906,0
1.5,0.008,0.014,2,1360.5332322746,1.3605332322746,0.269917192881297,269.917192881297,31.6647519072679,6.25599183895088,1
1.5,0.008,0.014,4,9414.86816621101,9.41486816621101,0.269917192881297,269.917192881297,31.6647519072679,6.88504612609694,0
1.5,0.008,0.014,6,29477.2447805724,29.4772447805724,0.269917192881297,269.917192881297,31.6647519072679,7.15393236936647,0
1.5,0.008,0.014,8,66532.8331864447,66.5328331864447,0.269917192881297,269.917192881297,31.6647519072679,7.30704339780627,0
1.5,0.008,0.016,2,1597.39916947027,1.59739916947027,0.276679347673193,276.679347673193,28.9308454659701,6.07131788237053,1
1.5,0.008,0.016,4,11084.469289675,11.084469289675,0.276679347673193,276.679347673193,28.9308454659701,6.67386113862481,0
1.5,0.008,0.016,6,34759.7692079332,34.7597692079332,0.276679347673193,276.679347673193,28.9308454659701,6.93097862741476,0
1.5,0.008,0.016,8,78542.3263300637,78.5423263300637,0.276679347673193,276.679347673193,28.9308454659701,7.07727156808325,0
1.5,0.008,0.018,2,1851.30778348116,1.85130778348116,0.283491079648534,283.491079648534,26.6315050681518,5.9077417522792,1
1.5,0.008,0.018,4,12878.8304454026,12.8788304454026,0.283491079648534,283.491079648534,26.6315050681518,6.48716749839097,0
1.5,0.008,0.018,6,40445.2470600348,40.4452470600348,0.283491079648534,283.491079648534,26.6315050681518,6.73404652652338,0
1.5,0.008,0.018,8,91480.6500495255,91.4806500495255,0.283491079648534,283.491079648534,26.6315050681518,6.87441444391713,0
1.5,0.008,0.02,2,2122.06283123733,2.12206283123733,0.290319425123927,290.319425123927,24.6707451890726,5.76047678126341,1
1.5,0.008,0.02,4,14796.7782181713,14.7967782181713,0.290319425123927,290.319425123927,24.6707451890726,6.31932374959187,0
1.5,0.008,0.02,6,46530.3381776814,46.5303381776814,0.290319425123927,290.319425123927,24.6707451890726,6.55710545491039,0
1.5,0.008,0.02,8,105340.788029376,105.340788029376,0.290319425123927,290.319425123927,24.6707451890726,6.69221333077419,0
1.5,0.01,0.014,2,490.336813985448,0.490336813985448,0.269917192881297,269.917192881297,31.6647519072679,6.04171419029884,1
1.5,0.01,0.014,4,3393.8944542922,3.3938944542922,0.269917192881297,269.917192881297,31.6647519072679,6.75414678481092,1
1.5,0.01,0.014,6,10627.4234434575,10.6274234434575,0.269917192881297,269.917192881297,31.6647519072679,7.06557871943766,0
1.5,0.01,0.014,8,23989.2501592632,23.9892501592632,0.269917192881297,269.917192881297,31.6647519072679,7.24481376581013,0
1.5,0.01,0.016,2,575.720431250964,0.575720431250964,0.276679347673193,276.679347673193,28.9308454659701,5.86851684411517,1
1.5,0.01,0.016,4,3995.8739771739,3.9958739771739,0.276679347673193,276.679347673193,28.9308454659701,6.55205364611371,1
1.5,0.01,0.016,6,12532.2916743857,12.5322916743857,0.276679347673193,276.679347673193,28.9308454659701,6.85029985298401,0
1.5,0.01,0.016,8,28320.2205365272,28.3202205365272,0.276679347673193,276.679347673193,28.9308454659701,7.02179372630942,0
1.5,0.01,0.018,2,667.250047283683,0.667250047283683,0.283491079648534,283.491079648534,26.6315050681518,5.71507259128825,1
1.5,0.01,0.018,4,4642.85363581423,4.64285363581423,0.283491079648534,283.491079648534,26.6315050681518,6.37340029624411,1
1.5,0.01,0.018,6,14582.5174142243,14.5825174142243,0.283491079648534,283.491079648534,26.6315050681518,6.66017291772184,0
1.5,0.01,0.018,8,32986.2707439129,32.9862707439129,0.283491079648534,283.491079648534,26.6315050681518,6.82493919689757,0
1.5,0.01,0.02,2,764.855039033605,0.764855039033605,0.290319425123927,290.319425123927,24.6707451890726,5.57691005619237,1
1.5,0.01,0.02,4,5334.41114696027,5.33441114696027,0.290319425123927,290.319425123927,24.6707451890726,6.21278520608727,1
1.5,0.01,0.02,6,16776.8986219026,16.7768986219026,0.290319425123927,290.319425123927,24.6707451890726,6.48935952309622,0
1.5,0.01,0.02,8,37984.8757822067,37.9848757822067,0.290319425123927,290.319425123927,24.6707451890726,6.64815184435232,0
1.5,0.012,0.016,2,251.182789191924,0.251182789191924,0.276679347673193,276.679347673193,28.9308454659701,5.6754866653357,1
1.5,0.012,0.016,4,1744.85549553185,1.74485549553185,0.276679347673193,276.679347673193,28.9308454659701,6.42558241546028,1
1.5,0.012,0.016,6,5475.07873773707,5.47507873773707,0.276679347673193,276.679347673193,28.9308454659701,6.7595167268059,1
1.5,0.012,0.016,8,12376.6547519496,12.3766547519496,0.276679347673193,276.679347673193,28.9308454659701,6.95340389169309,0
1.5,0.012,0.018,2,291.146140920698,0.291146140920698,0.283491079648534,283.491079648534,26.6315050681518,5.53054550356069,1
1.5,0.012,0.018,4,2027.57256641505,2.02757256641505,0.283491079648534,283.491079648534,26.6315050681518,6.25382824315544,1
1.5,0.012,0.018,6,6371.40199689655,6.37140199689655,0.283491079648534,283.491079648534,26.6315050681518,6.57525694963257,1
1.5,0.012,0.018,8,14417.2149612092,14.4172149612092,0.283491079648534,283.491079648534,26.6315050681518,6.76172272286002,0
1.5,0.012,0.02,2,333.766237667609,0.333766237667609,0.290319425123927,290.319425123927,24.6707451890726,5.40001593861582,1
1.5,0.012,0.02,4,2329.79724333148,2.32979724333148,0.290319425123927,290.319425123927,24.6707451890726,6.0994059969148,1
1.5,0.012,0.02,6,7330.83236950444,7.33083236950444,0.290319425123927,290.319425123927,24.6707451890726,6.409715418013,0
1.5,0.012,0.02,8,16603.3938742067,16.6033938742067,0.290319425123927,290.319425123927,24.6707451890726,6.58958960508823,0
1.5,0.015,0.018,2,106.101754741024,0.106101754741024,0.283491079648534,283.491079648534,26.6315050681518,5.27485104011236,1
1.5,0.015,0.018,4,740.276859960749,0.740276859960749,0.283491079648534,283.491079648534,26.6315050681518,6.07607837891045,1
1.5,0.015,0.018,6,2328.69722920764,2.32869722920764,0.283491079648534,283.491079648534,26.6315050681518,6.44183032131833,1
1.5,0.015,0.018,8,5273.22800395165,5.27322800395165,0.283491079648534,283.491079648534,26.6315050681518,6.65682794691951,1
1.5,0.015,0.02,2,121.658732638532,0.121658732638532,0.290319425123927,290.319425123927,24.6707451890726,5.15385126504698,1
1.5,0.015,0.02,4,850.792515365058,0.850792515365058,0.290319425123927,290.319425123927,24.6707451890726,5.92960222691139,1
1.5,0.015,0.02,6,2679.88706690337,2.67988706690337,0.290319425123927,290.319425123927,24.6707451890726,6.2831082209239,1
1.5,0.015,0.02,8,6073.99944988438,6.07399944988438,0.290319425123927,290.319425123927,24.6707451890726,6.49072748852848,1
1.5,0.018,0.02,2,53.5904198865364,0.0535904198865364,0.290319425123927,290.319425123927,24.6707451890726,4.93134372989939,1
1.5,0.018,0.02,4,375.585303463876,0.375585303463876,0.290319425123927,290.319425123927,24.6707451890726,5.76654430816104,1
1.5,0.018,0.02,6,1184.49981081629,1.18449981081629,0.290319425123927,290.319425123927,24.6707451890726,6.15628526495414,1
1.5,0.018,0.02,8,2686.94889759078,2.68694889759078,0.290319425123927,290.319425123927,24.6707451890726,6.38793065635003,1
2,0.008,0.012,2,2411.54905676388,2.41154905676388,0.231293649781316,231.293649781316,26.2269585184554,6.241308013992,1
2,0.008,0.012,4,16653.8348299499,16.6538348299499,0.231293649781316,231.293649781316,26.2269585184554,6.71822424854571,0
2,0.008,0.012,6,52080.3524275248,52.0803524275248,0.231293649781316,231.293649781316,26.2269585184554,6.9157564861966,0
2,0.008,0.012,8,117453.69511177,117.45369511177,0.231293649781316,231.293649781316,26.2269585184554,7.02660557328608,0
2,0.008,0.014,2,2876.11753762507,2.87611753762507,0.237332267672343,237.332267672343,23.7485639304509,6.02829825313702,1
2,0.008,0.014,4,19922.3336063894,19.9223336063894,0.237332267672343,237.332267672343,23.7485639304509,6.48162656887357,0
2,0.008,0.014,6,62410.8488621647,62.4108488621647,0.237332267672343,237.332267672343,23.7485639304509,6.66908997006987,0
2,0.008,0.014,8,140922.622058031,140.922622058031,0.237332267672343,237.332267672343,23.7485639304509,6.77421214482639,0
2,0.008,0.016,2,3377.27692262069,3.37727692262069,0.243456414698879,243.456414698879,21.6981340994776,5.84405947925398,1
2,0.008,0.016,4,23458.2896532789,23.4582896532789,0.243456414698879,243.456414698879,21.6981340994776,6.27744526641326,0
2,0.008,0.016,6,73604.49484913,73.60449484913,0.243456414698879,243.456414698879,21.6981340994776,6.45641656129745,0
2,0.008,0.016,8,166380.108029318,166.380108029318,0.243456414698879,243.456414698879,21.6981340994776,6.55671397677906,0
2,0.008,0.018,2,3914.56091993845,3.91456091993845,0.249623496825726,249.623496825726,19.9736288011139,5.681104652206,1
2,0.008,0.018,4,27258.9148267575,27.2589148267575,0.249623496825726,249.623496825726,19.9736288011139,6.09713888008823,0
2,0.008,0.018,6,85653.3538590668,85.6533538590668,0.249623496825726,249.623496825726,19.9736288011139,6.26873521154353,0
2,0.008,0.018,8,193809.481606607,193.809481606607,0.249623496825726,249.623496825726,19.9736288011139,6.36484616383894,0
2,0.008,0.02,2,4487.55730273419,4.48755730273419,0.255804966665664,255.804966665664,18.5030588918044,5.53456942141655,1
2,0.008,0.02,4,31321.744258872,31.321744258872,0.255804966665664,255.804966665664,18.5030588918044,5.9351881063677,0
2,0.008,0.02,6,98550.4095765208,98.5504095765208,0.255804966665664,255.804966665664,18.5030588918044,6.10024217666654,0
2,0.008,0.02,8,223196.004365869,223.196004365869,0.255804966665664,255.804966665664,18.5030588918044,6.19264192258803,0
2,0.01,0.014,2,1029.14602065219,1.02914602065219,0.237332267672343,237.332267672343,23.7485639304509,5.8763073207828,1
2,0.01,0.014,4,7122.37439796546,7.12237439796546,0.237332267672343,237.332267672343,23.7485639304509,6.39773341371966,0
2,0.01,0.014,6,22300.8853800382,22.3008853800382,0.237332267672343,237.332267672343,23.7485639304509,6.61721354426144,0
2,0.01,0.014,8,50337.1182702633,50.3371182702633,0.237332267672343,237.332267672343,23.7485639304509,6.74129749742286,0
2,0.01,0.016,2,1208.33360352425,1.20833360352425,0.243456414698879,243.456414698879,21.6981340994776,5.70118433415685,1
2,0.01,0.016,4,8385.53919250107,8.38553919250107,0.243456414698879,243.456414698879,21.6981340994776,6.20040212282693,0
2,0.01,0.016,6,26297.6847619368,26.2976847619368,0.243456414698879,243.456414698879,21.6981340994776,6.41021361458759,0
2,0.01,0.016,8,59423.9308467307,59.4239308467307,0.243456414698879,243.456414698879,21.6981340994776,6.52874745139602,0
2,0.01,0.018,2,1400.41621051037,1.40041621051037,0.249623496825726,249.623496825726,19.9736288011139,5.54626711788268,1
2,0.01,0.018,4,9743.10921368068,9.74310921368068,0.249623496825726,249.623496825726,19.9736288011139,6.02615439057466,0
2,0.01,0.018,6,30599.410224301,30.599410224301,0.249623496825726,249.623496825726,19.9736288011139,6.22756795984439,0
2,0.01,0.018,8,69213.6358173567,69.2136358173567,0.249623496825726,249.623496825726,19.9736288011139,6.34128586767014,0
2,0.01,0.02,2,1605.24549131701,1.60524549131701,0.255804966665664,255.804966665664,18.5030588918044,5.40694243813249,1
2,0.01,0.02,4,11194.1974162049,11.1941974162049,0.255804966665664,255.804966665664,18.5030588918044,5.86964796324307,0
2,0.01,0.02,6,35203.5367679174,35.2035367679174,0.255804966665664,255.804966665664,18.5030588918044,6.06360966049788,0
2,0.01,0.02,8,79700.9291861445,79.7009291861445,0.255804966665664,255.804966665664,18.5030588918044,6.17305752764397,0
2,0.012,0.016,2,523.942761625396,0.523942761625396,0.243456414698879,243.456414698879,21.6981340994776,5.56020665143259,1
2,0.012,0.016,4,3635.71082938811,3.63571082938811,0.243456414698879,243.456414698879,21.6981340994776,6.11585245970468,1
2,0.012,0.016,6,11401.280632259,11.401280632259,0.243456414698879,243.456414698879,21.6981340994776,6.35316974334263,0
2,0.012,0.016,8,25762.1508479738,25.7621508479738,0.243456414698879,243.456414698879,21.6981340994776,6.48825353378964,0
2,0.012,0.018,2,607.224799858054,0.607224799858054,0.249623496825726,249.623496825726,19.9736288011139,5.41217037276042,1
2,0.012,0.018,4,4224.26673539519,4.22426673539519,0.249623496825726,249.623496825726,19.9736288011139,5.94686082191229,1
2,0.012,0.018,6,13266.1441087729,13.2661441087729,0.249623496825726,249.623496825726,19.9736288011139,6.17489085646364,0
2,0.012,0.018,8,30005.9965586677,30.0059965586677,0.249623496825726,249.623496825726,19.9736288011139,6.30459825637986,0
2,0.012,0.02,2,696.03256345809,0.69603256345809,0.255804966665664,255.804966665664,18.5030588918044,5.27901211364272,1
2,0.012,0.02,4,4853.36006489421,4.85336006489421,0.255804966665664,255.804966665664,18.5030588918044,5.7950684435149,1
2,0.012,0.02,6,15262.084550186,15.262084550186,0.255804966665664,255.804966665664,18.5030588918044,6.01485515162376,0
2,0.012,0.02,8,34552.2069602565,34.5522069602565,0.255804966665664,255.804966665664,18.5030588918044,6.13979465013698,0
2,0.015,0.018,2,219.547134882169,0.219547134882169,0.249623496825726,249.623496825726,19.9736288011139,5.22030714232225,1
2,0.015,0.018,4,1528.38462884753,1.52838462884753,0.249623496825726,249.623496825726,19.9736288011139,5.82411258053659,1
2,0.015,0.018,6,4801.74938279376,4.80174938279375,0.249623496825726,249.623496825726,19.9736288011139,6.08729515093853,1
2,0.015,0.018,8,10863.8196592178,10.8638196592178,0.249623496825726,249.623496825726,19.9736288011139,6.23855170403423,0
2,0.015,0.02,2,251.67574938721,0.25167574938721,0.255804966665664,255.804966665664,18.5030588918044,5.09502203141052,1
2,0.015,0.02,4,1756.13092424994,1.75613092424993,0.255804966665664,255.804966665664,18.5030588918044,5.67845377200541,1
2,0.015,0.02,6,5524.59915076551,5.52459915076551,0.255804966665664,255.804966665664,18.5030588918044,5.93237828183533,1
2,0.015,0.02,8,12510.6976086025,12.5106976086025,0.255804966665664,255.804966665664,18.5030588918044,6.07821044517203,0
2,0.018,0.02,2,110.121547186102,0.110121547186102,0.255804966665664,255.804966665664,18.5030588918044,4.92369251214721,1
2,0.018,0.02,4,769.350942981441,0.769350942981441,0.255804966665664,255.804966665664,18.5030588918044,5.5627490459738,1
2,0.018,0.02,6,2421.99890766077,2.42199890766077,0.255804966665664,255.804966665664,18.5030588918044,5.84638931499359,1
2,0.018,0.02,8,5487.37867383189,5.48737867383189,0.255804966665664,255.804966665664,18.5030588918044,6.01083258737503,1
2.5,0.008,0.012,2,4335.19677310993,4.33519677310993,0.209482977852323,209.482977852323,20.9815668147643,6.0026115923207,1
2.5,0.008,0.012,4,29989.1807678003,29.9891807678003,0.209482977852323,209.482977852323,20.9815668147643,6.36619509584369,0
2.5,0.008,0.012,6,93875.2291233292,93.8752291233292,0.209482977852323,209.482977852323,20.9815668147643,6.51367116655836,0
2.5,0.008,0.012,8,211855.76304712,211.85576304712,0.209482977852323,209.482977852323,20.9815668147643,6.59565010311296,0
2.5,0.008,0.014,2,5171.5972233565,5.1715972233565,0.215095227508116,215.095227508116,18.9988511443607,5.79238681587655,1
2.5,0.008,0.014,4,35883.5768680317,35.8835768680317,0.215095227508116,215.095227508116,18.9988511443607,6.13741043208536,0
2.5,0.008,0.014,6,112522.718951987,112.522718951987,0.215095227508116,215.095227508116,18.9988511443607,6.27717177992638,0
2.5,0.008,0.014,8,254246.503467834,254.246503467834,0.215095227508116,215.095227508116,18.9988511443607,6.35481578627424,0
2.5,0.008,0.016,2,6074.08385727234,6.07408385727234,0.220783976748331,220.783976748331,17.3585072795821,5.61077289570135,1
2.5,0.008,0.016,4,42261.7225033185,42.2617225033185,0.220783976748331,220.783976748331,17.3585072795821,5.94013055904813,0
2.5,0.008,0.016,6,132732.583603876,132.732583603876,0.220783976748331,220.783976748331,17.3585072795821,6.07339315794573,0
2.5,0.008,0.016,8,300238.52646091,300.23852646091,0.220783976748331,220.783976748331,17.3585072795821,6.1473887800685,0
2.5,0.008,0.018,2,7041.82742458434,7.04182742458434,0.226511128309713,226.511128309713,15.9789030408911,5.45029510586609,0
2.5,0.008,0.018,4,49118.6592570698,49.1186592570698,0.226511128309713,226.511128309713,15.9789030408911,5.76604269750012,0
2.5,0.008,0.018,6,154490.708807715,154.490708807715,0.226511128309713,226.511128309713,15.9789030408911,5.89366821398424,0
2.5,0.008,0.018,8,349802.183685086,349.802183685086,0.226511128309713,226.511128309713,15.9789030408911,5.96450141397456,0
2.5,0.008,0.02,2,8074.09482380092,8.07409482380092,0.2322511486329,232.2511486329,14.8024471134436,5.30610628480271,0
2.5,0.008,0.02,4,56450.0036244302,56.4500036244302,0.2322511486329,232.2511486329,14.8024471134436,5.60977958272582,0
2.5,0.008,0.02,6,177784.616794534,177.784616794534,0.2322511486329,232.2511486329,14.8024471134436,5.73241043287267,0
2.5,0.008,0.02,8,402911.264424605,402.911264424605,0.2322511486329,232.2511486329,14.8024471134436,5.80044320665919,0
2.5,0.01,0.014,2,1840.71522408004,1.84071522408004,0.215095227508116,215.095227508116,18.9988511443607,5.67987927663578,1
2.5,0.01,0.014,4,12750.2935080892,12.7502935080892,0.215095227508116,215.095227508116,18.9988511443607,6.08057811827151,0
2.5,0.01,0.014,6,39942.9432717854,39.9429432717854,0.215095227508116,215.095227508116,18.9988511443607,6.2452660308909,0
2.5,0.01,0.014,8,90190.4781171396,90.1904781171396,0.215095227508116,215.095227508116,18.9988511443607,6.33735937551701,0
2.5,0.01,0.016,2,2161.45723047724,2.16145723047724,0.220783976748331,220.783976748331,17.3585072795821,5.50569886328212,1
2.5,0.01,0.016,4,15013.3053780985,15.0133053780985,0.220783976748331,220.783976748331,17.3585072795821,5.88870841663477,0
2.5,0.01,0.016,6,47106.8767034432,47.1068767034432,0.220783976748331,220.783976748331,17.3585072795821,6.04592253014685,0
2.5,0.01,0.016,8,106483.269138763,106.483269138763,0.220783976748331,220.783976748331,17.3585072795821,6.13378493434752,0
2.5,0.01,0.018,2,2505.31898876061,2.50531898876061,0.226511128309713,226.511128309713,15.9789030408911,5.35177086347771,1
2.5,0.01,0.018,4,17445.7054891248,17.4457054891248,0.226511128309713,226.511128309713,15.9789030408911,5.71940745703825,0
2.5,0.01,0.018,6,54818.1464698028,54.8181464698028,0.226511128309713,226.511128309713,15.9789030408911,5.8701380250798,0
2.5,0.01,0.018,8,124038.068228228,124.038068228228,0.226511128309713,226.511128309713,15.9789030408911,5.95433305967274,0
2.5,0.01,0.02,2,2872.03667374988,2.87203667374988,0.2322511486329,232.2511486329,14.8024471134436,5.21345207854015,1
2.5,0.01,0.02,4,20045.9163256781,20.0459163256781,0.2322511486329,232.2511486329,14.8024471134436,5.56744466699726,0
2.5,0.01,0.02,6,63072.2621289734,63.0722621289734,0.2322511486329,232.2511486329,14.8024471134436,5.71242911097488,0
2.5,0.01,0.02,8,142845.442794156,142.845442794156,0.2322511486329,232.2511486329,14.8024471134436,5.79337602059406,0
2.5,0.012,0.016,2,932.92625903586,0.93292625903586,0.220783976748331,220.783976748331,17.3585072795821,5.39882495617101,1
2.5,0.012,0.016,4,6474.92343151349,6.47492343151349,0.220783976748331,220.783976748331,17.3585072795821,5.82896812098625,1
2.5,0.012,0.016,6,20307.0098412692,20.3070098412692,0.220783976748331,220.783976748331,17.3585072795821,6.00789174171097,0
2.5,0.012,0.016,8,45888.8334031249,45.8888334031248,0.220783976748331,220.783976748331,17.3585072795821,6.10849529006894,0
2.5,0.012,0.018,2,1081.24162267187,1.08124162267187,0.226511128309713,226.511128309713,15.9789030408911,5.25057449041656,1
2.5,0.012,0.018,4,7523.26446371489,7.52326446371489,0.226511128309713,226.511128309713,15.9789030408911,5.66384392253117,0
2.5,0.012,0.018,6,23629.063432296,23.629063432296,0.226511128309713,226.511128309713,15.9789030408911,5.83553142036077,0
2.5,0.012,0.018,8,53449.3173613801,53.4493173613801,0.226511128309713,226.511128309713,15.9789030408911,5.93201032183069,0
2.5,0.012,0.02,2,1239.40104374303,1.23940104374303,0.2322511486329,232.2511486329,14.8024471134436,5.11733764294159,1
2.5,0.012,0.02,4,8643.83413366584,8.64383413366584,0.2322511486329,232.2511486329,14.8024471134436,5.51562515248326,0
2.5,0.012,0.02,6,27184.6863185291,27.1846863185291,0.2322511486329,232.2511486329,14.8024471134436,5.68089795940708,0
2.5,0.012,0.02,8,61548.6219015762,61.5486219015762,0.2322511486329,232.2511486329,14.8024471134436,5.77372311160392,0
2.5,0.015,0.018,2,388.623871909155,0.388623871909155,0.226511128309713,226.511128309713,15.9789030408911,5.10206347575619,1
2.5,0.015,0.018,4,2703.53071065292,2.70353071065292,0.226511128309713,226.511128309713,15.9789030408911,5.57456121971829,1
2.5,0.015,0.018,6,8490.33222961468,8.49033222961468,0.226511128309713,226.511128309713,15.9789030408911,5.77445376139294,0
2.5,0.015,0.018,8,19203.8377975473,19.2038377975473,0.226511128309713,226.511128309713,15.9789030408911,5.88772947470585,0
2.5,0.015,0.02,2,445.460840613178,0.445460840613178,0.2322511486329,232.2511486329,14.8024471134436,4.97541041264731,1
2.5,0.015,0.02,4,3106.1504415323,3.1061504415323,0.2322511486329,232.2511486329,14.8024471134436,5.43125291827683,1
2.5,0.015,0.02,6,9767.73411211907,9.76773411211907,0.2322511486329,232.2511486329,14.8024471134436,5.62385079668619,0
2.5,0.015,0.02,8,22113.4124545642,22.1134124545642,0.2322511486329,232.2511486329,14.8024471134436,5.73292723765211,0
2.5,0.018,0.02,2,193.929119254654,0.193929119254654,0.2322511486329,232.2511486329,14.8024471134436,4.84022967749565,1
2.5,0.018,0.02,4,1352.92613360958,1.35292613360958,0.2322511486329,232.2511486329,14.8024471134436,5.34519351937829,1
2.5,0.018,0.02,6,4255.68841867268,4.25568841867268,0.2322511486329,232.2511486329,14.8024471134436,5.56209603794826,1
2.5,0.018,0.02,8,9636.45798341597,9.63645798341597,0.2322511486329,232.2511486329,14.8024471134436,5.68589093535534,0
3,0.008,0.012,2,7026.41570755032,7.02641570755032,0.193383008687825,193.383008687825,17.4846390123036,5.77858181997588,0
3,0.008,0.012,4,48700.5977070276,48.7005977070276,0.193383008687825,193.383008687825,17.4846390123036,6.06686868044145,0
3,0.008,0.012,6,152618.774880103,152.618774880103,0.193383008687825,193.383008687825,17.4846390123036,6.18215432285132,0
3,0.008,0.012,8,344695.157505005,344.695157505005,0.193383008687825,193.383008687825,17.4846390123036,6.24583448464649,0
3,0.008,0.014,2,8384.37208514104,8.38437208514104,0.198680526387522,198.680526387522,15.8323759536339,5.57203720414122,0
3,0.008,0.014,4,58288.8645378849,58.2888645378849,0.198680526387522,198.680526387522,15.8323759536339,5.84523493056009,0
3,0.008,0.014,6,182984.650506152,182.984650506152,0.198680526387522,198.680526387522,15.8323759536339,5.95436138961478,0
3,0.008,0.014,8,413775.26376008,413.77526376008,0.198680526387522,198.680526387522,15.8323759536339,6.0146088211726,0
3,0.008,0.016,2,9850.01141944155,9.85001141944154,0.204047878333932,204.047878333932,14.4654227329851,5.39374830391141,0
3,0.008,0.016,4,68666.6633681963,68.6666633681963,0.204047878333932,204.047878333932,14.4654227329851,5.65422436091416,0
3,0.008,0.016,6,215902.70544644,215.90270544644,0.204047878333932,204.047878333932,14.4654227329851,5.75816686590042,0
3,0.008,0.016,8,488741.518093708,488.741518093708,0.204047878333932,204.047878333932,14.4654227329851,5.81552728247411,0
3,0.008,0.018,2,11422.0063977879,11.4220063977879,0.209450286642947,209.450286642947,13.3157525340759,5.23631942901966,0
3,0.008,0.018,4,79826.0576686082,79.8260576686082,0.209450286642947,209.450286642947,13.3157525340759,5.48575580083248,0
3,0.008,0.018,6,251350.348148551,251.350348148551,0.209450286642947,209.450286642947,13.3157525340759,5.58520576406658,0
3,0.008,0.018,8,569546.464846124,569.546464846124,0.209450286642947,209.450286642947,13.3157525340759,5.64006571025972,0
3,0.008,0.02,2,13099.1836049577,13.0991836049577,0.214864442470509,214.864442470509,12.3353725945363,5.09495945419034,0
3,0.008,0.02,4,91760.0311236662,91.7600311236662,0.214864442470509,214.864442470509,12.3353725945363,5.33461280292988,0
3,0.008,0.02,6,289307.606474628,289.307606474628,0.214864442470509,214.864442470509,12.3353725945363,5.43008595792189,0
3,0.008,0.02,8,656148.150681787,656.148150681787,0.214864442470509,214.864442470509,12.3353725945363,5.48273355695777,0
3,0.01,0.014,2,2971.80325948594,2.97180325948594,0.198680526387522,198.680526387522,15.8323759536339,5.48599148884251,1
3,0.01,0.014,4,20612.5206008131,20.6125206008131,0.198680526387522,198.680526387522,15.8323759536339,5.80534545203427,0
3,0.01,0.014,6,64622.4730634984,64.6224730634984,0.198680526387522,198.680526387522,15.8323759536339,5.93447671877553,0
3,0.01,0.014,8,145993.876711826,145.993876711826,0.198680526387522,198.680526387522,15.8323759536339,6.00615756476445,0
3,0.01,0.016,2,3490.24003352628,3.49024003352628,0.204047878333932,204.047878333932,14.4654227329851,5.31390765252395,1
3,0.01,0.016,4,24275.1489873463,24.2751489873463,0.204047878333932,204.047878333932,14.4654227329851,5.61875780806044,0
3,0.01,0.016,6,76225.5806371641,76.2255806371641,0.204047878333932,204.047878333932,14.4654227329851,5.74188637142649,0
3,0.01,0.016,8,172395.698662199,172.395698662199,0.204047878333932,204.047878333932,14.4654227329851,5.81020084124846,0
3,0.01,0.018,2,4046.13850591126,4.04613850591126,0.209450286642947,209.450286642947,13.3157525340759,5.16194388071361,1
3,0.01,0.018,4,28212.5497046891,28.2125497046891,0.209450286642947,209.450286642947,13.3157525340759,5.45420420441466,0
3,0.01,0.018,6,88717.0714210074,88.7170714210074,0.209450286642947,209.450286642947,13.3157525340759,5.57213022408736,0
3,0.01,0.018,8,200846.685176136,200.846685176136,0.209450286642947,209.450286642947,13.3157525340759,5.63752907211043,0
3,0.01,0.02,2,4639.07639338795,4.63907639338795,0.214864442470509,214.864442470509,12.3353725945363,5.0254781547056,1
3,0.01,0.02,4,32422.1977536282,32.4221977536282,0.214864442470509,214.864442470509,12.3353725945363,5.30657746158762,0
3,0.01,0.02,6,102089.757934262,102.089757934262,0.214864442470509,214.864442470509,12.3353725945363,5.41989711245785,0
3,0.01,0.02,8,231331.73828093,231.33173828093,0.214864442470509,214.864442470509,12.3353725945363,5.48271589559409,0
3,0.012,0.016,2,1501.01196560919,1.50101196560919,0.204047878333932,204.047878333932,14.4654227329851,5.23041430088557,1
3,0.012,0.016,4,10425.9065125684,10.4259065125684,0.204047878333932,204.047878333932,14.4654227329851,5.57488231135858,0
3,0.012,0.016,6,32713.1088218356,32.7131088218355,0.204047878333932,204.047878333932,14.4654227329851,5.71558596253489,0
3,0.012,0.016,8,73946.7146796967,73.9467146796967,0.204047878333932,204.047878333932,14.4654227329851,5.79404712612273,0
3,0.012,0.018,2,1739.80485330598,1.73980485330598,0.209450286642947,209.450286642947,13.3157525340759,5.08322745560282,1
3,0.012,0.018,4,12115.0732563367,12.1150732563367,0.209450286642947,209.450286642947,13.3157525340759,5.41375554245046,0
3,0.012,0.018,6,38068.1572706964,38.0681572706964,0.209450286642947,209.450286642947,13.3157525340759,5.54861621260305,0
3,0.012,0.018,8,86137.5473807143,86.1375473807143,0.209450286642947,209.450286642947,13.3157525340759,5.62378164842657,0
3,0.012,0.02,2,1994.46991232631,1.99446991232631,0.214864442470509,214.864442470509,12.3353725945363,4.951033622189,1
3,0.012,0.02,4,13920.7752261654,13.9207752261654,0.214864442470509,214.864442470509,12.3353725945363,5.26919933649595,0
3,0.012,0.02,6,43800.1820340093,43.8001820340093,0.214864442470509,214.864442470509,12.3353725945363,5.39888543176856,0
3,0.012,0.02,8,99198.2241626084,99.1982241626084,0.214864442470509,214.864442470509,12.3353725945363,5.47113399159366,0
3,0.015,0.018,2,622.407204671274,0.622407204671274,0.209450286642947,209.450286642947,13.3157525340759,4.96516463425879,1
3,0.015,0.018,4,4330.27076163586,4.33027076163586,0.209450286642947,209.450286642947,13.3157525340759,5.34630559887483,1
3,0.015,0.018,6,13599.7378774671,13.5997378774671,0.209450286642947,209.450286642947,13.3157525340759,5.50424164731535,0
3,0.015,0.018,8,30761.6159188252,30.7616159188252,0.209450286642947,209.450286642947,13.3157525340759,5.59288920225778,0
3,0.015,0.02,2,713.44244058534,0.71344244058534,0.214864442470509,214.864442470509,12.3353725945363,4.83856112631699,1
3,0.015,0.02,4,4975.19885164664,4.97519885164664,0.214864442470509,214.864442470509,12.3353725945363,5.20579631417398,1
3,0.015,0.02,6,15646.0163412966,15.6460163412966,0.214864442470509,214.864442470509,12.3353725945363,5.35779720297557,0
3,0.015,0.02,8,35422.635193842,35.422635193842,0.214864442470509,214.864442470509,12.3353725945363,5.44306908732458,0
3,0.018,0.02,2,309.347805981374,0.309347805981374,0.214864442470509,214.864442470509,12.3353725945363,4.72943562520571,1
3,0.018,0.02,4,2157.04891773076,2.15704891773076,0.214864442470509,214.864442470509,12.3353725945363,5.13946309321251,1
3,0.018,0.02,6,6783.14868897157,6.78314868897157,0.214864442470509,214.864442470509,12.3353725945363,5.31159459322795,1
3,0.018,0.02,8,15356.5364267807,15.3565364267807,0.214864442470509,214.864442470509,12.3353725945363,5.40879000856594,0
